-2.0603347198922384	-0.20410704020000797	1.1718647001395148
0.6748961594610441	-0.1890719148203112	0.2981787939589173
-0.6281790516135124	1.3416167699209078	-0.46899925394575187
0.1729357771600756	2.0302518250908705	1.0661546492222707
-0.09578546976539722	-0.8955274968638354	0.18010531634641497
1.3215464613850392	1.29521064913923	-0.23588249312716036
1.2587581425655305	0.7591074237545686	-1.2366446530132196
0.7015150059029741	-0.9928134569876674	0.3074722513010906
-0.18907310056301188	-0.8479964442164237	0.34131169413003976
0.3531129805781144	-0.37947904358535417	0.495206803295333
0.4574903611953504	0.6516725015381961	0.48569400770067406
-0.7806037030944705	-0.27475620772437787	-0.006798186024174986
-0.060938335941460156	-0.03882793658246346	0.36890717511442794
0.9543119448792458	0.1663234328886947	-0.386159241142555
0.25087975136567353	-1.1296207331074313	0.23383265911532627
0.6463745022788322	-0.6357969926439014	-2.2201771744610705
-0.7268219426482627	-1.147419094842444	-0.013404878970337196
-0.9380424169677736	2.4583509629319087	0.9055969698486809
-0.6338694191251181	2.1346422871792714	-2.907190344533579
-0.9837276125272761	-0.18355727657027635	-0.043780132914738416
0.6340228131988724	-0.7334956598752789	0.20789768524546137
-0.23206871578432262	-0.03340734018201616	1.7183879724533688
2.2075631290112794	-1.494371703653639	-0.21213657917330572
0.21242772954768302	-0.11959809550238745	-1.4520282048359772
-3.085730222195332	-0.358768032011462	0.28195506116590957
1.205674122550341	-0.19906021362536824	0.034216431294306134
-1.424176837921151	0.06333579912243432	-0.6589348447070483
0.04937995827356772	-0.11939125226748423	-0.8272504429026923
0.32012071363466127	-1.3867333782722624	0.17954462874369292
-2.141884586384521	-0.42816829591222294	-0.3504596521635919
0.6099347914845838	-0.6133559875605036	-0.4043925140391974
1.2746595423797684	1.6363957682030625	0.05499980947006585
1.2305315240976549	3.647426611161228	-0.0360643935676069
-0.5158192029458363	-0.1892018587181792	-0.3729787649824633
0.7266357732308611	-0.9049891625005478	-0.12489312801158435
-0.30434652744063967	-1.3061583065182298	0.2595660600083964
0.6051703974492239	0.1152375125904689	0.05153720480080733
-0.9178876634220624	-0.8721504666955339	-0.9824802427428432
-1.8351773232777666	-0.6341383398042405	-2.6881453096438452
1.081051121559703	2.2577088036512665	-0.3082610772064795
-1.1090227742506151	-0.4379420616617262	-0.6922458649671165
-0.3278901407759938	-0.6802807080002932	-0.06625953481744806
-0.29570082359222644	0.010534957349611204	1.023941295079504
0.16190997685137143	-0.1824580746941746	-1.352058999093413
-0.46490336737988813	-0.6009818619744486	0.35712729227878537
0.882481539593395	-1.0132169156935817	0.5557584185652197
0.8761747311430313	-0.37118383219020795	-0.05129522537870447
-0.21840212065686937	1.5724665585192779	1.544377627648044
1.7025394967712808	1.274915714088769	0.44162365935840864
-0.7885521039718523	0.37244228435998	1.1105170406003955
-0.08030342885407256	0.23952732148327946	0.5331561541814693
-0.6058579120733609	-0.8400249328081685	0.48996912040232077
-0.6641427448812228	2.2338888744178527	-2.0070086326684695
0.6408720917003344	-0.10550462167584632	-0.26086050468086625
0.5881632800167781	-0.7619401440365675	0.25009732160804204
0.3272435097674759	1.4146801299914555	0.6735367964647
-1.1083257462744402	-0.545887254503636	0.09560365204956241
-0.7311102805292311	0.49160400387728653	-3.9630128128516557
-0.08901152325169961	-0.46669616370522027	1.4469623941262175
-0.2618425674959552	-0.1772793282904622	0.35189232838615847
-0.18338716608362965	-1.2380968137601271	0.6603307856072366
-0.12649004230638136	-1.078153698110859	-1.0921462984163284
0.06114831253699497	-0.9775100111037602	0.909229123475462
0.7741919120969398	-0.37965896822041045	-0.06114410369888217
-1.0612570401874828	0.03531851536154882	-1.0124395992085793
-1.589234463973173	-0.2628507140084614	0.5633634839046453
-1.8698086749288567	0.11699184341314696	-0.745840287790743
1.0232485022516442	-0.801031094528116	-0.17114651490474966
-0.6022412695685398	-0.03932359873596249	0.3006870486935452
0.06707712510004207	0.27914071906709365	0.7357255496901595
0.4633922379610874	-0.18075733895641286	0.1707745876395616
0.2894963828722098	0.2864384256305954	0.8059970976811277
-1.59122242521574	-0.22139287141349687	1.6988379356218943
0.3267920383922707	-0.5897786076161688	-0.11399920775747072
1.0707695186175967	1.3209233050115587	0.9623259863942683
-0.29408324580501666	0.9993719296272465	1.5271828963196232
0.8541460497742924	1.8433035526782249	0.13967348136497607
0.7803473962926686	-0.49764178144736115	0.15347336267952827
0.34257174676970753	-0.14194568307693012	0.0399660021853849
-1.2402001271225245	1.8680151288006888	-2.424443413235505
1.5261609132728737	1.387141473498771	0.46426949435799497
-0.40499289496680035	-0.8367962214004997	-0.7867839002709046
-1.1751741123564075	-0.1598453568428762	0.13840560900620327
1.36496677408292	-0.8029842265917566	-0.19626922212160616
-0.6293001575631983	-0.9115435898640631	0.47053836519688114
0.4308225248423188	-0.7605145182536562	0.9941396830112034
-0.683960614530335	1.1223732326180442	0.8392925943373788
-0.68426594734233	-0.6697995564142502	0.8410716238551043
-0.2948494151052587	0.0006077472955077877	0.6697665937496493
-0.5825199540246906	-0.49256682474885366	0.2227483175198518
0.6224578564572566	-0.028512240467965726	0.04828001035032442
0.8775404173967682	-0.49467311022026705	0.37202634597827544
0.05173151397889686	0.9136248152095957	-0.10523217768942253
0.04536465051372709	2.012183599666502	-2.5518681536276153
0.5158968900076414	-0.4023497307545333	-0.17285320240270158
-0.8549615895750374	-0.4650094831534244	1.4641205681404261
0.98260404615079	-0.6146870184934092	-0.22094530650242594
-3.074597514937029	-0.5200920258315184	-0.3044277737939141
0.25559569369013435	-0.1317263604279472	-0.13446145429193368
0.6878813128376852	0.5809328854193602	0.09538674656155194
1.0237471599238783	0.8985185811947686	0.5093946116181237
0.17215126624433402	0.5500131901308809	1.5913432015059206
0.5939616039564397	2.630871387268063	0.9143341076424837
1.040112832238276	-0.963590726913359	-0.4603198926634547
-0.7530687963987664	0.39089289705430985	0.12281750867833624
1.6085201549411536	-0.5445404421595849	0.25251431318083234
0.6197428828929084	-0.644029875821379	-3.094854018388251
-0.032726006181585	-0.9809571019208159	-1.1205766685102934
-0.6329654537160253	-0.4308332336262005	-0.3763282882586548
-3.413928521916284	0.5882223254196328	-0.9729551823134116
-1.1457571391309778	-0.40183476179176003	0.9653240887554249
-0.2493037220681294	0.08325743905591872	0.2442092634502185
-1.4795361448682256	-0.36579480926210167	1.6890448510826737
-1.2298617833174461	-0.16627029207918192	1.5728160536013203
0.34698441695961624	0.8103572517242232	-1.1095049791878684
-0.09291547372200763	-1.2806491315160766	1.0527990054278913
-0.330026046817166	2.05168437735772	-0.8938887291638897
0.7393988683165814	3.477992805166185	-0.15965142543818203
-0.643804646827093	0.21442496861930813	-0.20105471949430606
-0.5353640936877132	0.918535126324908	0.7400827769739063
1.3927995234014472	-1.2810773402850812	-0.23545902428672677
-0.1275559637539439	-0.3480571980328171	1.0822161587876402
0.09389893584062285	-0.5852286166561825	1.0930234691540104
-0.013641506112845848	-0.11628394543481634	1.2710368062008277
-0.7319187877847411	-0.8250492027574865	0.22151443452155634
-0.6244529056391747	0.9787564946358422	1.6936536384793994
1.171743065756806	-1.0069464900763092	-0.2227450338594583
0.43305906824570467	-0.34549721231703434	0.10710708952745428
-1.011377358850778	-0.030108921513755587	0.36644362188384155
0.9419215323982298	-0.06742758527829301	-0.18749846784410326
-0.20260393846555586	0.10086453612620389	-2.963488672384229
-3.5942123483478876	0.6238255084134554	1.3814510471153407
-0.07888560880318142	1.345275688508732	0.9348902641288329
-1.08492940884352	-0.3394232125480107	1.0266384736797711
1.4238056058174375	-1.8559308727418191	1.1861318348686691
-1.4703978141369096	0.35465381436176785	1.2526864145064784
1.5762723855475447	0.5406681070902692	-0.08696023561372275
-1.3763109201433334	0.28676142353388423	0.38616843138868484
1.0857036790882346	-1.0258017235604038	0.6673229349461626
-0.29398290842637737	-0.0731557626727461	0.26327872842912453
0.10379667303347763	-1.2373484259508036	0.6027891083183073
-0.7879192553703224	-0.19343374165381924	0.5122368452110435
0.12906837788812317	0.2513943075705606	0.8971410118971561
-2.3827485093960035	0.12544405348523133	1.202425516253476
0.4762360660595161	0.08997562876139371	-0.05478005732598672
0.23053362382572712	-0.017107664355694985	-0.40379297165830175
0.611145103920342	-0.2512627762878137	-0.12887049338804368
-1.6949804890340385	0.14156620893543823	-0.1155690898373314
0.715112996648256	-0.21239216736120534	-0.32360608584548717
0.3401936300995411	-0.8303336888829108	0.4157122825754032
1.0219109107867268	2.057519715399746	-0.18412071584368386
0.3716661807007025	0.4150525523351635	1.043689119196949
0.7741909997780789	1.30797300757948	0.030201138464213365
-2.9044895426361643	-0.5437121343085006	0.18659993130135039
0.6983746815339934	-0.7030968505492183	0.08214507774949972
0.6443670806814793	-0.27627414141616646	-0.20776649144996895
-0.4158147146061455	-0.48367969658845095	-1.6812503358987065
-0.21533971944351069	0.17324900072556773	1.402024136266187
-1.2486885881125482	-0.212556165861027	1.6831949199028946
0.21996871238907637	-0.1925286084300612	-0.1791736010774725
0.056703234277174386	-0.5137822915895415	0.30450046589594915
0.7743655451890742	-0.7630422361518261	0.6892895609282377
0.5961770584830011	-0.9243768486722556	0.19026760760605146
0.7918430101637075	1.0127784927515135	0.06843019436473129
-0.585563300033142	0.3801948858646425	-1.1263114383183355
0.7218562482988794	-1.0304230199693738	-1.5564994802319478
1.0878107076754358	3.0317959287530156	-0.1615046176803352
1.289848574077555	-0.6425410593874291	0.22199767460085995
0.5347472082264594	-0.587190022489845	-0.6064621310749999
-1.421446447851233	-0.32407718022347176	-2.195439501127523
0.9865032954402113	2.855434348856916	0.5927806446118375
1.470901454586067	-1.0752556707633802	0.19796160608769278
-1.9604401318600448	-0.0333531544947853	0.9741622362512895
0.3187170886391998	0.015446155235050073	-2.8536836703329485
-0.7406970164866387	-0.6505097542884462	0.10629746960640679
-2.020601897003344	2.223388069026625	0.6645472651838957
1.053037388505725	1.5697417193844214	0.6094051549415033
-1.6314484136160559	0.43458594285485513	-0.6956179106632888
1.0222513442295127	-1.4325903281577366	-0.3410631772558551
0.28637664506211075	-0.044542305358368166	0.7823606837877397
0.683873126973706	-0.9138403818940968	0.32050231568885434
0.5434753527734855	-0.5638964957874097	-0.22061108005450478
0.31506150274821604	-0.20687438180971607	0.6915952752157729
1.2330691194368086	-1.086051089906672	0.5044858651477204
0.5347003544712159	-0.04641258067516363	-0.14030710905585494
0.5388161524272819	1.712574695518053	-1.402804771415544
0.6597839911491663	-0.6919142144194103	-0.14990169429137498
0.8900019604588602	2.9313568560340495	-0.40685735787422106
0.8879850110869187	1.5425569779230357	-0.13615952301506087
-0.369197125806479	0.94006440610932	1.5039886401720914
-0.18433208250037803	0.42855817320758244	-0.9294750535742072
0.7101466205247488	0.8019088051306386	0.2533528383123215
-0.7003331594738386	-0.7636776386180977	-1.3423157289462366
-0.27642642447067156	1.220773217629278	1.3568429691017894
-0.4586050387859043	1.3380902343921222	0.17730160758111002
0.6638715520609677	-0.6132108325278495	-0.10298627613594755
0.3104143868030573	0.16257589792795057	-0.09587451455930923
-0.7497076591358568	0.0790018864838656	-0.25926702096021287
0.32187628671629664	-1.006622661179178	0.3463161889520079
-0.3285332095419965	0.5652535537799327	-1.1104136261819528
-0.11456596135688152	-1.1252106443451368	0.40749514826149646
-0.05276486465846761	0.2778994906307046	1.199662766519445
-0.0435647212636968	-0.14562273426819042	-2.355152689254629
1.7535379422486754	-1.414433727538835	-0.0964920381613833
0.7683482784051392	-0.6113700600350201	-0.034850216068460844
1.1251505286323562	2.0599817616645675	-0.12168430049265579
-0.192406982173075	-0.737853677975383	0.09103430339679183
1.081588681773279	-0.8211352337877498	0.005753775261440468
1.1920115972543839	-1.4781283452851899	-0.05823347989979491
-1.6727763433378735	-0.2876636405673395	-2.1101982610161154
0.7500601455322218	-0.7864087748224897	0.5565178503706876
1.3267820133060892	-0.08904272306596374	0.614499707139746
1.249129521984816	-0.7631239278655487	-0.337289420443909
1.5620064475560127	-1.4385405554546493	-0.33305458712828456
-0.3103613746457812	-0.14509231078311663	-1.3102760113661411
-0.29006327232350293	-0.6333778996358964	-1.0658829863353223
-0.14518616814110827	-0.5915543024493164	0.023533342763737464
0.9584337100005201	1.3590570870625502	-0.12099166728816423
1.0527312801861437	0.022268866195130427	0.6224020037072696
0.3366255257259584	3.981755380938904	0.7548074639550285
-2.7617015862181047	0.08609965693736027	1.7666802626629279
-0.5350053815748192	-0.19166719115239345	-1.6494785061601214
0.8307599471474414	1.0081943346218951	1.1100472447463419
-0.7197580016063642	-0.5983985515872845	-0.5412584724415386
-0.7235527457190438	-0.1271822428777752	1.1680503576912358
0.5768253548610233	-1.02964393235608	1.0478021440570944
0.07440231883866534	-0.15174541389707089	-1.557049150412855
0.5765312105936791	-0.5642947959268243	-0.41523306741929417
-0.14962725326447907	-0.3393900809965065	0.8930800569935974
-0.11729640528905425	-0.25690039418227567	-1.4498921288563662
0.3419610929718661	-0.6567829976300982	0.9843878398631796
0.49526498983989065	-0.4665375805262072	0.144482014006237
1.1927540210961352	-0.6774492911239769	-0.1714591581997617
-1.6046410305028367	0.3912722761919004	1.1639069427699085
0.6503032846325391	2.0595742619500754	0.18976124388185406
0.33121479718469843	0.2496281364046732	-0.03482902990896666
0.031233013094593903	3.104726893323769	0.2502816105455171
0.9670377201226782	0.784523781279587	0.6191217288508796
-0.8342820065147659	-0.5415880938017038	-1.3883535205681892
1.189737971254254	1.9272178350272902	0.18860321518217632
-1.7759915920993716	-0.1268515654475849	1.4299643173068624
0.9239013146197788	-0.5285812350550743	0.13878936971931113
0.7365335233136874	-0.054314389424846045	0.5947549509473792
0.0026490746126346847	-0.1417850404356397	0.7162304680191861
-0.05843134349461833	-0.8886923926595474	-1.7340074834250763
0.5684382252328881	-0.4237538456278279	0.08842509802515511
-0.3136552488733945	-0.3098384341643571	-2.1809688884104577
0.10346776596232742	-1.2879409252948004	-0.121521264506147
0.14832084689211922	0.04329616036144595	0.43498490928012085
0.6420091930257869	-0.7558317883040822	-0.7274723331144166
0.5882433489721155	-0.5088783073654444	-0.38883701010576116
-1.0875339940512139	-0.453820527428102	0.5968961735074595
-0.18375414112450186	-0.5064239218481356	-1.0806996939648867
0.6490221488817548	-0.5504554397439364	0.6906893463399256
0.029123352385000488	0.3715324748605369	-2.3747920651568357
-1.1249963391752258	-0.215072543515636	0.2443412230396448
0.7176495859680562	-0.7884887854135902	0.32740411288416427
1.4386941293516855	-0.08673935252994959	-0.4422919013702238
-0.01752513229219429	-0.6001752982037474	0.04235901800302895
-1.1740119961062683	0.5342241308807789	-1.0105766699957217
-1.7614477515996505	-0.332291874429994	-0.3680608360957899
-0.3750164394773521	0.38753237832646725	1.4219939365516017
0.40906180764020844	-0.6318361674448456	0.5172761305897334
1.5202690014152989	-1.5123971802874014	-0.35726069211613926
0.5397083253880367	0.8722668927288021	0.1871950824127931
1.0176807544605841	-0.7784795827018455	0.7678528092967954
-1.7994677804091541	-0.148774742855505	-0.4680554344184702
0.7189575168257492	-0.674127166132847	0.054664359001336316
-1.583259713646331	-0.199569763486776	1.2632906143615943
0.4710636200152622	-0.13033032573014533	-0.20902918339964957
-1.2878989629814845	-0.8971871593575066	0.5490100874008731
0.907721323859961	-0.16199205702479	-0.1057603808688568
-0.02807946385604031	0.8377700872785381	-0.8249526162131952
0.4332777945814495	-0.9967793099220493	0.5606346911474586
0.11454283818319003	-0.16870409130870392	1.4747021158230957
0.6436934390962744	-0.7926054915182873	0.2864473070426783
-1.824328850195695	-0.5949016830573721	0.37577733058262497
0.2756126696496073	-0.4189703341940786	0.3629907444682585
0.39856896694325955	-0.611211390074605	-0.9078980049815187
-0.7094390257143224	0.11352888772060668	-4.146798295039775
-2.1806855848856737	-0.0898151980963155	-2.7547496605818194
1.1821711769372572	-1.0811346046650065	0.0409857034348361
